Handle,Title,Body (HTML),Vendor,Type,Tags,Published,Option1 Name,Option1 Value,Variant SKU,Variant Inventory Policy,Variant Fulfillment Service,Variant Price,Variant Requires Shipping,Variant Taxable,Image Src,Image Position,Image Alt Text,Gift Card,Status
carls-place-diy-golf-enclosure-kit,Carl's Place DIY Golf Simulator Enclosure Kit,"<p><strong>Carl's Place DIY Golf Simulator Enclosure Kit</strong> brings professional-grade indoor golf to your home at an accessible price point. Made to order to fit your space perfectly, this kit includes your choice of impact screen, durable nylon enclosure, and all the steel fittings to build your frame.</p>
<h3>What's Included</h3>
<ul>
<li>Your choice of impact screen material (Standard, Preferred, Premium, or High-Contrast Gray Premium)</li>
<li>Durable black nylon enclosure</li>
<li>Steel corner fittings</li>
<li>Zip ties for screen attachment</li>
</ul>
<h3>Key Features</h3>
<ul>
<li>Seamless floor-to-turf image — screen goes all the way down</li>
<li>Multiple standard sizes available</li>
<li>Custom sizing down to the inch available upon request</li>
<li>Compatible with all major launch monitors</li>
</ul>
<p><em>Note: 1&quot; EMT pipe framing sold separately at your local hardware store. Price shown is starting price — contact Sim Sigma Golf for custom sizing quotes and screen material upgrade pricing.</em></p>
<p><strong>Sim Sigma Golf is an Authorized Carl's Place Reseller.</strong></p>",Carl's Place,Golf Simulator Enclosure,"golf simulator, enclosure, carl's place, diy, impact screen",TRUE,Title,Default Title,CP-DIY-001,continue,manual,999.95,TRUE,TRUE,https://shop.carlofet.com/media/catalog/product/cache/400645573a3b2a3f39e529ff08a969f4/c/a/carls-diy-enclosure-hero.jpg,1,Carl's Place DIY Golf Simulator Enclosure Kit,FALSE,active
carls-place-pro-golf-enclosure-kit,Carl's Place Pro Golf Simulator Enclosure Kit,"<p><strong>Carl's Place Pro Golf Simulator Enclosure Kit</strong> is engineered for high-end home installations and commercial simulator bays. Built with commercial-grade 2&quot; EMT framing and BlackStop&trade; performance fabric, it delivers an immersive, distraction-free playing environment built to last.</p>
<h3>What's Included</h3>
<ul>
<li>Wraparound BlackStop&trade; light-blocking fabric cover</li>
<li>Your choice of Premium White or High-Contrast Gray Impact Screen</li>
<li>Foam inserts to protect from frame bouncebacks</li>
<li>All frame fittings (pipes sold separately)</li>
</ul>
<h3>Key Features</h3>
<ul>
<li>Purpose-built ceiling for overhead launch monitors and projectors</li>
<li>Installs in approximately 2 hours</li>
<li>Optional crossbar, safety baffles, and back cover available</li>
<li>Custom sizing available to fit any space</li>
</ul>
<p><em>Note: 2&quot; EMT pipe framing sold separately. Price shown is starting price — contact Sim Sigma Golf for custom sizing and configuration quotes.</em></p>
<p><strong>Sim Sigma Golf is an Authorized Carl's Place Reseller.</strong></p>",Carl's Place,Golf Simulator Enclosure,"golf simulator, enclosure, carl's place, pro, commercial",TRUE,Title,Default Title,CP-PRO-001,continue,manual,3409.95,TRUE,TRUE,https://shop.carlofet.com/media/catalog/product/cache/9e5c9c3d3cf3b9c3e2d12f18941aaf74/p/g/pge_c2_angle_nobackpipe__1.jpg,1,Carl's Place Pro Golf Simulator Enclosure Kit,FALSE,active
carls-place-curved-golf-enclosure-kit,Carl's Place Curved Golf Simulator Enclosure Kit,"<p><strong>Carl's Place Curved Golf Simulator Enclosure Kit</strong> is the first of its kind — a DIY curved enclosure that wraps around your field of vision for a panoramic, fully immersive gameplay experience. Ideal for serious home setups and premium commercial bays.</p>
<h3>Key Features</h3>
<ul>
<li>Panoramic curved screen for a fully immersive experience</li>
<li>Premium screen material for superior image quality and contrast</li>
<li>DIY-friendly design — no contractor required</li>
<li>Ideal for high-end home rooms and commercial simulator bays</li>
<li>Compatible with all major launch monitors</li>
</ul>
<p><em>Price shown is starting price. Contact Sim Sigma Golf for sizing options and a personalized quote based on your space.</em></p>
<p><strong>Sim Sigma Golf is an Authorized Carl's Place Reseller.</strong></p>",Carl's Place,Golf Simulator Enclosure,"golf simulator, enclosure, carl's place, curved, panoramic",TRUE,Title,Default Title,CP-CURVED-001,continue,manual,4894.95,TRUE,TRUE,https://shop.carlofet.com/media/catalog/product/cache/400645573a3b2a3f39e529ff08a969f4/c/u/curved-golf-enclosure-golfer-showroom.jpg,1,Carl's Place Curved Golf Simulator Enclosure Kit,FALSE,active
carls-place-hotshot-golf-mat,Carl's Place HotShot™ Golf Mat System,"<p><strong>Carl's Place HotShot&trade; Golf Mat System</strong> is a premium, fully customizable hitting mat that strikes the perfect balance between comfort and realism. Anti-fatigue design means you can practice for hours without joint strain.</p>
<h3>Choose Your Configuration</h3>
<ul>
<li><strong>Size:</strong> 4&apos;x5&apos; (offset hitting area) — ideal for a single golfer in tighter spaces</li>
<li><strong>Hitting Insert Options:</strong> Standard (accepts real tees), Foam Divot (joint-friendly), or Gel Divot (most realistic fairway feel)</li>
<li><strong>Optional Add-Ons:</strong> Non-slip rubber base, ball tray, tee packs</li>
</ul>
<p>All mat sizes are 1&frac34;&quot; thick. The replaceable hitting insert means you never have to replace the whole mat — just swap the insert when it wears out.</p>
<p><em>Price shown includes mat only. Hitting inserts, base, and accessories are add-ons — contact Sim Sigma Golf to build your complete configuration.</em></p>
<p><strong>Sim Sigma Golf is an Authorized Carl's Place Reseller.</strong></p>",Carl's Place,Golf Hitting Mat,"golf mat, hitting mat, carl's place, hotshot, golf simulator",TRUE,Mat Size,4'x5' (Offset Hitting),CP-HOTSHOT-4X5,continue,manual,499.95,TRUE,TRUE,https://shop.carlofet.com/media/catalog/product/cache/400645573a3b2a3f39e529ff08a969f4/h/o/hotshot-mats-stacked-flat-dims-logo-no5x7.jpg,1,Carl's Place HotShot Golf Mat System,FALSE,active
carls-place-hotshot-golf-mat,,,,,,,Mat Size,5'x8' (Offset Hitting),CP-HOTSHOT-5X8,continue,manual,579.95,TRUE,TRUE,,,,,
carls-place-hotshot-golf-mat,,,,,,,Mat Size,4'x9' (Center Hitting),CP-HOTSHOT-4X9,continue,manual,599.95,TRUE,TRUE,,,,,
carls-place-hotshot-golf-mat,,,,,,,Mat Size,6'x10' (Center Hitting),CP-HOTSHOT-6X10,continue,manual,699.95,TRUE,TRUE,,,,,
